title,pubDate,guid,link,description
What are Elon Musk's plans for Twitter?,"Tue, 05 Apr 2022 13:19:05 GMT",https://www.bbc.co.uk/news/technology-60995694,https://www.bbc.co.uk/news/technology-60995694?at_medium=RSS&at_campaign=KARANGA,"The Tesla founder has become the social network's biggest single shareholder, and a board member."
"Elon Musk will now not join Twitter's board, CEO says","Mon, 11 Apr 2022 04:30:41 GMT",https://www.bbc.co.uk/news/business-61063905,https://www.bbc.co.uk/news/business-61063905?at_medium=RSS&at_campaign=KARANGA,The Tesla boss was due to join the social media platform's board after buying a 9.2% stake in the firm.
Elon Musk 'not sure' his takeover bid for Twitter will be successful,"Fri, 15 Apr 2022 03:40:31 GMT",https://www.bbc.co.uk/news/business-61115738,https://www.bbc.co.uk/news/business-61115738?at_medium=RSS&at_campaign=KARANGA,The comments came just hours after the Tesla boss revealed a more than $40bn takeover offer for Twitter.
Twitter board takes action to fight Musk bid,"Fri, 15 Apr 2022 19:55:05 GMT",https://www.bbc.co.uk/news/world-us-canada-61123200,https://www.bbc.co.uk/news/world-us-canada-61123200?at_medium=RSS&at_campaign=KARANGA,"The so-called ""poison pill"" measure is in response to Elon Musk's $43bn cash buyout offer."
Tesla profits soar as customers pay more,"Wed, 20 Apr 2022 23:45:33 GMT",https://www.bbc.co.uk/news/business-61170691,https://www.bbc.co.uk/news/business-61170691?at_medium=RSS&at_campaign=KARANGA,Elon Musk's Tesla has raised prices for its electric cars as it faces higher costs.
Elon Musk strikes deal to buy Twitter for $44bn,"Mon, 25 Apr 2022 22:42:25 GMT",https://www.bbc.co.uk/news/business-61222470,https://www.bbc.co.uk/news/business-61222470?at_medium=RSS&at_campaign=KARANGA,"Mr Musk, who made the shock bid just over a week ago, said he would ""unlock"" the social media firm's potential."
The Papers: 'Musk wins Twitter fight' and 'action urged on HRT',"Mon, 25 Apr 2022 23:40:31 GMT",https://www.bbc.co.uk/news/blogs-the-papers-61224719,https://www.bbc.co.uk/news/blogs-the-papers-61224719?at_medium=RSS&at_campaign=KARANGA,Elon Musk buying Twitter and the ongoing shortage of hormone replacement drugs lead the papers.
Twitter: Why Elon Musk has been so keen on taking control,"Mon, 25 Apr 2022 19:38:22 GMT",https://www.bbc.co.uk/news/technology-61222793,https://www.bbc.co.uk/news/technology-61222793?at_medium=RSS&at_campaign=KARANGA,The billionaire has called for a series of changes from relaxing Twitter's content restrictions to eradicating fake accounts.
Four ways Elon Musk might change Twitter,"Tue, 26 Apr 2022 16:58:44 GMT",https://www.bbc.co.uk/news/business-61226282,https://www.bbc.co.uk/news/business-61226282?at_medium=RSS&at_campaign=KARANGA,"After the billionaire struck a deal to buy the site, speculation has begun over what the future holds."
Elon Musk sells almost $4bn worth of Tesla shares,"Fri, 29 Apr 2022 04:02:58 GMT",https://www.bbc.co.uk/news/business-61255092,https://www.bbc.co.uk/news/business-61255092?at_medium=RSS&at_campaign=KARANGA,It comes as the electric car maker's chief executive moves ahead with his $44bn takeover of Twitter.
Musk says Twitter may see 'slight cost' for businesses and governments,"Wed, 04 May 2022 02:16:37 GMT",https://www.bbc.co.uk/news/business-61303221,https://www.bbc.co.uk/news/business-61303221?at_medium=RSS&at_campaign=KARANGA,"The multi-billionaire Tesla boss also said the platform ""will always be free for casual users""."
Bill Gates on Elon Musk feud and Jeffrey Epstein meetings,"Thu, 05 May 2022 01:05:23 GMT",https://www.bbc.co.uk/news/technology-61329167,https://www.bbc.co.uk/news/technology-61329167?at_medium=RSS&at_campaign=KARANGA,"The Microsoft tycoon talks to the BBC about divorce, conspiracy theories and Elon Musk."
Two Twitter bosses ousted ahead of Elon Musk $44bn takeover,"Fri, 13 May 2022 02:34:25 GMT",https://www.bbc.co.uk/news/business-61432742,https://www.bbc.co.uk/news/business-61432742?at_medium=RSS&at_campaign=KARANGA,One of the senior executives was on parental leave when he learned he was out of a job.
Elon Musk denies sexual misconduct allegations,"Fri, 20 May 2022 21:33:43 GMT",https://www.bbc.co.uk/news/world-us-canada-61526898,https://www.bbc.co.uk/news/world-us-canada-61526898?at_medium=RSS&at_campaign=KARANGA,"A report claims Musk's company SpaceX paid an employee $250,000 to settle the claim against him."
Elon Musk threatens to walk away from Twitter deal,"Mon, 06 Jun 2022 21:07:48 GMT",https://www.bbc.co.uk/news/business-61709782,https://www.bbc.co.uk/news/business-61709782?at_medium=RSS&at_campaign=KARANGA,"The billionaire accuses the company of ""thwarting"" his requests to learn more about spam accounts."
YouTube accused of failing to tackle fake Elon Musk livestream scams,"Thu, 09 Jun 2022 23:00:19 GMT",https://www.bbc.co.uk/news/technology-61749120,https://www.bbc.co.uk/news/technology-61749120?at_medium=RSS&at_campaign=KARANGA,YouTube is being criticised for failing to tackle a network of scammers streaming fake Elon Musk videos.
Elon Musk pulls out of $44bn deal to buy Twitter,"Sat, 09 Jul 2022 01:40:26 GMT",https://www.bbc.co.uk/news/business-62102821,https://www.bbc.co.uk/news/business-62102821?at_medium=RSS&at_campaign=KARANGA,Twitter says it is committed to the deal and will take legal action to enforce the agreement.
Why did Elon Musk get cold feet on Twitter?,"Sat, 09 Jul 2022 06:37:04 GMT",https://www.bbc.co.uk/news/technology-62104263,https://www.bbc.co.uk/news/technology-62104263?at_medium=RSS&at_campaign=KARANGA,"Musk is seeking to end his bid to buy Twitter, alleging multiple breaches of the agreement."
Twitter sues Elon Musk over $44bn takeover deal,"Wed, 13 Jul 2022 01:17:48 GMT",https://www.bbc.co.uk/news/business-62144776,https://www.bbc.co.uk/news/business-62144776?at_medium=RSS&at_campaign=KARANGA,The social media firm is trying to force Elon Musk to buy it after he walked away from the deal.
Tesla sells most of its Bitcoin holdings,"Thu, 21 Jul 2022 02:00:52 GMT",https://www.bbc.co.uk/news/business-62246367,https://www.bbc.co.uk/news/business-62246367?at_medium=RSS&at_campaign=KARANGA,The deal comes as the value of the cryptocurrency has plunged.
"Beach body ad edited out my prosthetic leg, model says","Sat, 30 Jul 2022 22:22:49 GMT",https://www.bbc.co.uk/news/world-europe-62365796,https://www.bbc.co.uk/news/world-europe-62365796?at_medium=RSS&at_campaign=KARANGA,Sian Green-Lord said the Spanish government campaign also used her photos without permission.
Starlink: Why is Elon Musk launching thousands of satellites?,"Mon, 01 Aug 2022 08:04:54 GMT",https://www.bbc.co.uk/news/technology-62339835,https://www.bbc.co.uk/news/technology-62339835?at_medium=RSS&at_campaign=KARANGA,The billionaire's SpaceX company hopes to provide an internet service from space.
Elon Musk subpoenas Jack Dorsey ahead of Twitter court battle,"Mon, 22 Aug 2022 22:45:11 GMT",https://www.bbc.co.uk/news/business-62641029,https://www.bbc.co.uk/news/business-62641029?at_medium=RSS&at_campaign=KARANGA,The billionaire has subpoenaed Twitter's co-founder in hope it will help him end his deal to buy the site.
UK firm takes on Apple iPhone14 and Elon Musk with satellite phone,"Tue, 06 Sep 2022 00:41:54 GMT",https://www.bbc.co.uk/news/technology-62796363,https://www.bbc.co.uk/news/technology-62796363?at_medium=RSS&at_campaign=KARANGA,"Bullitt, which makes rugged smartphones, is due to launch a satellite-connected handset in February."
Messages reveal how Musk and Twitter boss fell out,"Fri, 30 Sep 2022 21:15:39 GMT",https://www.bbc.co.uk/news/technology-63098117,https://www.bbc.co.uk/news/technology-63098117?at_medium=RSS&at_campaign=KARANGA,New text messages between Musk and Twitter boss Parag Agrawal reveal how the relationship broke down.
Tesla boss Elon Musk presents humanoid robot Optimus,"Sat, 01 Oct 2022 11:39:38 GMT",https://www.bbc.co.uk/news/technology-63100636,https://www.bbc.co.uk/news/technology-63100636?at_medium=RSS&at_campaign=KARANGA,The tech billionaire claims the robot will change the future of physical work.
Elon Musk Twitter deal back on in surprise U-turn,"Tue, 04 Oct 2022 20:36:48 GMT",https://www.bbc.co.uk/news/business-63137114,https://www.bbc.co.uk/news/business-63137114?at_medium=RSS&at_campaign=KARANGA,"In a letter to Twitter, the billionaire said he would buy the business and honour his original deal."
Elon Musk: Twitter won't 'take yes for an answer',"Thu, 06 Oct 2022 22:04:38 GMT",https://www.bbc.co.uk/news/business-63166568,https://www.bbc.co.uk/news/business-63166568?at_medium=RSS&at_campaign=KARANGA,Twitter said it did not trust the billionaire's promises to proceed with the takeover.
Tesla's Optimus and the problem with humanoids,"Fri, 07 Oct 2022 23:46:06 GMT",https://www.bbc.co.uk/news/technology-63130363,https://www.bbc.co.uk/news/technology-63130363?at_medium=RSS&at_campaign=KARANGA,"Unlike Elon Musk's latest creation, the most useful robots, experts say, do not look human - so far."
Musk says SpaceX cannot keep funding Ukraine Starlink,"Sat, 15 Oct 2022 00:05:20 GMT",https://www.bbc.co.uk/news/world-us-canada-63266142,https://www.bbc.co.uk/news/world-us-canada-63266142?at_medium=RSS&at_campaign=KARANGA,"The tycoon asked the US to fund the satellite internet service instead of him, according to reports."
Musk says SpaceX will keep funding Ukraine Starlink internet,"Sat, 15 Oct 2022 20:10:26 GMT",https://www.bbc.co.uk/news/world-us-canada-63266142,https://www.bbc.co.uk/news/world-us-canada-63266142?at_medium=RSS&at_campaign=KARANGA,The tycoon reverses his earlier decision to stop funding a vital internet service for Ukraine.
Twitter: Elon Musk visits HQ as deal deadline looms,"Wed, 26 Oct 2022 22:19:30 GMT",https://www.bbc.co.uk/news/business-63408384,https://www.bbc.co.uk/news/business-63408384?at_medium=RSS&at_campaign=KARANGA,"Elon Musk changed his Twitter bio to ""Chief Twit"" ahead of the Friday deadline to complete its acquisition."
Elon Musk completes $44bn Twitter takeover,"Fri, 28 Oct 2022 01:27:50 GMT",https://www.bbc.co.uk/news/technology-63402338,https://www.bbc.co.uk/news/technology-63402338?at_medium=RSS&at_campaign=KARANGA,Twitter's chief executive and finance boss are reportedly ousted as the tycoon acquires the social media platform.
Elon Musk: No change to Twitter moderation policy yet,"Sat, 29 Oct 2022 00:47:12 GMT",https://www.bbc.co.uk/news/business-63428848,https://www.bbc.co.uk/news/business-63428848?at_medium=RSS&at_campaign=KARANGA,Top managers leave the social media platform as the billionaire seals his takeover of the firm.
Elon Musk: How the world's richest person bought Twitter,"Fri, 28 Oct 2022 01:41:31 GMT",https://www.bbc.co.uk/news/technology-63408534,https://www.bbc.co.uk/news/technology-63408534?at_medium=RSS&at_campaign=KARANGA,One of the most publicised and frenetic deals in Silicon Valley history has reportedly been completed.
Elon Musk dissolves Twitter's board of directors,"Mon, 31 Oct 2022 22:47:24 GMT",https://www.bbc.co.uk/news/technology-63458380,https://www.bbc.co.uk/news/technology-63458380?at_medium=RSS&at_campaign=KARANGA,The move means he cements his control over the company by becoming its sole director.
Elon Musk says $8 monthly fee for Twitter blue tick,"Tue, 01 Nov 2022 20:15:26 GMT",https://www.bbc.co.uk/news/business-63478854,https://www.bbc.co.uk/news/business-63478854?at_medium=RSS&at_campaign=KARANGA,Critics say the change could make it harder for people to find reliable sources on the social media site.
Twitter to make job cuts after Elon Musk takeover,"Fri, 04 Nov 2022 01:56:13 GMT",https://www.bbc.co.uk/news/technology-63495125,https://www.bbc.co.uk/news/technology-63495125?at_medium=RSS&at_campaign=KARANGA,The social media giant says staff will be told on Friday whether they are to be laid off.
Twitter: Elon Musk blames 'activist groups' for earnings drop,"Fri, 04 Nov 2022 23:33:13 GMT",https://www.bbc.co.uk/news/business-63521713,https://www.bbc.co.uk/news/business-63521713?at_medium=RSS&at_campaign=KARANGA,"Elon Musk, the new owner of Twitter, makes the accusation as the tech firm makes sweeping job cuts."
Twitter confirms fee for blue-tick verification after Musk takeover,"Sun, 06 Nov 2022 00:00:49 GMT",https://www.bbc.co.uk/news/technology-63530872,https://www.bbc.co.uk/news/technology-63530872?at_medium=RSS&at_campaign=KARANGA,Controversially Twitter says blue-tick status will be open to those who pay a monthly $7.99.
Sriram Krishnan: The Indian-American 'helping' Elon Musk run Twitter,"Mon, 07 Nov 2022 23:32:25 GMT",https://www.bbc.co.uk/news/world-asia-india-63481873,https://www.bbc.co.uk/news/world-asia-india-63481873?at_medium=RSS&at_campaign=KARANGA,"Who is Sriram Krishnan, the India-born tech expert who is reportedly in Elon Musk's ""inner circle""?"
Elon Musk tells Twitter staff to work long hours or leave,"Thu, 17 Nov 2022 00:55:06 GMT",https://www.bbc.co.uk/news/business-63648505,https://www.bbc.co.uk/news/business-63648505?at_medium=RSS&at_campaign=KARANGA,"Elon Musk says workers at the social media firm must be ""hardcore"" if they want to stay, reports say."
Twitter charity partners condemn Musk's 'dangerous' changes,"Mon, 21 Nov 2022 21:10:46 GMT",https://www.bbc.co.uk/news/technology-63710997,https://www.bbc.co.uk/news/technology-63710997?at_medium=RSS&at_campaign=KARANGA,Two of Twitter's most important civil rights partners criticise reinstatement of Trump and West accounts
Musk feuds with Apple over Twitter advertising,"Mon, 28 Nov 2022 20:41:41 GMT",https://www.bbc.co.uk/news/technology-63788437,https://www.bbc.co.uk/news/technology-63788437?at_medium=RSS&at_campaign=KARANGA,Elon Musk says Apple has cut Twitter advertising and has threatened to remove it from the app store.
Elon Musk set to become number-one influencer on Twitter,"Tue, 29 Nov 2022 00:57:27 GMT",https://www.bbc.co.uk/news/technology-63751515,https://www.bbc.co.uk/news/technology-63751515?at_medium=RSS&at_campaign=KARANGA,What will one man's unprecedented status as both top influencer and chief executive mean for the Twitter?
Musk says Twitter feud with Apple boss 'resolved',"Thu, 01 Dec 2022 00:08:06 GMT",https://www.bbc.co.uk/news/business-63816110,https://www.bbc.co.uk/news/business-63816110?at_medium=RSS&at_campaign=KARANGA,The Twitter boss says he met Apple's chief Tim Cook after he criticised the company.
Elon Musk no longer world's richest man,"Tue, 13 Dec 2022 19:16:35 GMT",https://www.bbc.co.uk/news/business-63963239,https://www.bbc.co.uk/news/business-63963239?at_medium=RSS&at_campaign=KARANGA,His wealth has been hit as shares in his electric carmaker Tesla have more than halved.
Twitter briefly suspends @ElonJet account tracking Musk's jet,"Thu, 15 Dec 2022 00:51:39 GMT",https://www.bbc.co.uk/news/world-us-canada-63978323,https://www.bbc.co.uk/news/world-us-canada-63978323?at_medium=RSS&at_campaign=KARANGA,Twitter owner Elon Musk's critics say the suspension contradicts his avowed commitment to free speech.
"Why is Elon Musk spending his time on Twitter, not on the mission to Mars?","Sat, 17 Dec 2022 00:07:41 GMT",https://www.bbc.co.uk/news/technology-63871980,https://www.bbc.co.uk/news/technology-63871980?at_medium=RSS&at_campaign=KARANGA,"Friends and colleagues say his plans may be hard to predict, but they wouldn't bet against him."
Will Elon Musk's ultimatum cost him Twitter?,"Mon, 19 Dec 2022 17:15:34 GMT",https://www.bbc.co.uk/news/technology-64003232,https://www.bbc.co.uk/news/technology-64003232?at_medium=RSS&at_campaign=KARANGA,The BBC's technology editor Zoe Kleinman looks at the future of Musk and Twitter.
Elon Musk at Twitter: Who could replace him as chief executive?,"Tue, 20 Dec 2022 13:28:55 GMT",https://www.bbc.co.uk/news/technology-64026268,https://www.bbc.co.uk/news/technology-64026268?at_medium=RSS&at_campaign=KARANGA,We look at the runner and riders to take over as the social media firm's chief executive.
Twitter: Five ways Elon Musk has changed the platform for users,"Mon, 16 Jan 2023 15:56:17 GMT",https://www.bbc.co.uk/news/technology-64289251,https://www.bbc.co.uk/news/technology-64289251?at_medium=RSS&at_campaign=KARANGA,"Twitter users say the social network has ""a different vibe"" since the billionaire took charge."
'Elon Musk has made me embarrassed to drive my Tesla now',"Sun, 29 Jan 2023 00:10:17 GMT",https://www.bbc.co.uk/news/business-64376727,https://www.bbc.co.uk/news/business-64376727?at_medium=RSS&at_campaign=KARANGA,Elon Musk was once hailed as the secret to Tesla's success. Now he's one of its problems.
Elon Musk found not guilty of fraud over Tesla tweet,"Sat, 04 Feb 2023 00:31:58 GMT",https://www.bbc.co.uk/news/world-us-canada-64520157,https://www.bbc.co.uk/news/world-us-canada-64520157?at_medium=RSS&at_campaign=KARANGA,The Tesla boss is cleared of fraud charges over a tweet about taking the carmaker private.
Elon Musk defends racist tirade by Dilbert creator Scott Adams,"Mon, 27 Feb 2023 18:37:31 GMT",https://www.bbc.co.uk/news/world-us-canada-64790657,https://www.bbc.co.uk/news/world-us-canada-64790657?at_medium=RSS&at_campaign=KARANGA,Twitter's CEO accused US media of racism after multiple newspapers dropped the popular cartoon.
Elon Musk among experts urging a halt to AI training,"Wed, 29 Mar 2023 13:41:32 GMT",https://www.bbc.co.uk/news/technology-65110030,https://www.bbc.co.uk/news/technology-65110030?at_medium=RSS&at_campaign=KARANGA,Elon Musk among those calling for training in powerful artificial intelligence to be suspended.
Six things we learned from Elon Musk interview,"Wed, 12 Apr 2023 17:09:44 GMT",https://www.bbc.co.uk/news/world-us-canada-65251160,https://www.bbc.co.uk/news/world-us-canada-65251160?at_medium=RSS&at_campaign=KARANGA,The world's second richest man spoke for nearly an hour on a wide range of subjects.
SpaceX Starship: What happened during Elon Musk's rocket launch,"Thu, 20 Apr 2023 17:41:05 GMT",https://www.bbc.co.uk/news/science-environment-65342246,https://www.bbc.co.uk/news/science-environment-65342246?at_medium=RSS&at_campaign=KARANGA,"There were cheers, but there was also an explosion. The BBC's Jonathan Amos breaks down what happened."
Elon Musk names Linda Yaccarino new Twitter CEO,"Fri, 12 May 2023 20:41:29 GMT",https://www.bbc.co.uk/news/business-65574826,https://www.bbc.co.uk/news/business-65574826?at_medium=RSS&at_campaign=KARANGA,NBCUniversal's former head of advertising is revealed as the new boss of the social network.
Risk and reward as Ron DeSantis links arms with Elon Musk,"Tue, 23 May 2023 21:59:46 GMT",https://www.bbc.co.uk/news/world-us-canada-65691884,https://www.bbc.co.uk/news/world-us-canada-65691884?at_medium=RSS&at_campaign=KARANGA,Ron DeSantis may have spotted an opportunity to bypass traditional campaign launches with Twitter.
Neuralink: Why is Elon Musk’s brain chip firm in the news?,"Fri, 26 May 2023 18:15:06 GMT",https://www.bbc.co.uk/news/technology-65729383,https://www.bbc.co.uk/news/technology-65729383?at_medium=RSS&at_campaign=KARANGA,"Elon Musk’s brain chip firm Neuralink has received the US regulatory green light for its first human clinical trial, after earlier controversies."
Elon Musk: Twitter boss reclaims title of world's richest person,"Thu, 01 Jun 2023 21:15:10 GMT",https://www.bbc.co.uk/news/business-65781534,https://www.bbc.co.uk/news/business-65781534?at_medium=RSS&at_campaign=KARANGA,It comes after shares in his electric car company Tesla have almost doubled since the start of the year.
Elon Musk and Mark Zuckerberg agree to hold cage fight,"Thu, 22 Jun 2023 13:44:54 GMT",https://www.bbc.co.uk/news/business-65981876,https://www.bbc.co.uk/news/business-65981876?at_medium=RSS&at_campaign=KARANGA,"Earlier this month, Meta showed staff plans for a text-based social network designed to compete with Twitter."
Quiz of the week: How do Zuck and Musk plan to face off?,"Thu, 22 Jun 2023 16:43:27 GMT",https://www.bbc.co.uk/news/world-65976860,https://www.bbc.co.uk/news/world-65976860?at_medium=RSS&at_campaign=KARANGA,How closely have you been paying attention to what's been going on over the past seven days?
"Twitter temporarily restricts tweets users can see, Elon Musk announces","Sat, 01 Jul 2023 22:24:07 GMT",https://www.bbc.co.uk/news/technology-66077195,https://www.bbc.co.uk/news/technology-66077195?at_medium=RSS&at_campaign=KARANGA,"Elon Musk says verified accounts can read up to 10,000 posts a day while unverified ones are limited to 1,000."
Twitter loses nearly half ad revenue since Musk takeover,"Sun, 16 Jul 2023 21:35:51 GMT",https://www.bbc.co.uk/news/business-66217641,https://www.bbc.co.uk/news/business-66217641?at_medium=RSS&at_campaign=KARANGA,Elon Musk confirms the firm has a heavy debt load and income in June was not what had been expected.
Twitter loses nearly half advertising revenue since Elon Musk takeover,"Mon, 17 Jul 2023 06:23:39 GMT",https://www.bbc.co.uk/news/business-66217641,https://www.bbc.co.uk/news/business-66217641?at_medium=RSS&at_campaign=KARANGA,Elon Musk confirms the firm has a heavy debt load and income in June was not what had been expected.
Elon Musk: Time to say goodbye to Twitter logo,"Sun, 23 Jul 2023 21:30:38 GMT",https://www.bbc.co.uk/news/business-66284304,https://www.bbc.co.uk/news/business-66284304?at_medium=RSS&at_campaign=KARANGA,"The Twitter owner says he wants to replace the logo with an ""X""."
Is Elon Musk right to ditch the Twitter bird logo?,"Tue, 25 Jul 2023 07:07:14 GMT",https://www.bbc.co.uk/news/business-66296468,https://www.bbc.co.uk/news/business-66296468?at_medium=RSS&at_campaign=KARANGA,Rebrands can pay off - but it's a risky move to replace a famous icon at an organisation in turmoil.
Elon Musk tweet boosts vaccine conspiracies targeting LeBron James' son,"Wed, 26 Jul 2023 16:09:12 GMT",https://www.bbc.co.uk/news/health-66313916,https://www.bbc.co.uk/news/health-66313916?at_medium=RSS&at_campaign=KARANGA,The basketball legend's son Bronny James suffered a cardiac arrest on Monday.
WeChat: Why does Elon Musk want X to emulate China's everything-app?,"Sat, 29 Jul 2023 22:11:35 GMT",https://www.bbc.co.uk/news/business-66333633,https://www.bbc.co.uk/news/business-66333633?at_medium=RSS&at_campaign=KARANGA,"Musk is an admirer of Chinese mega-app WeChat, which combines messaging, social media, finances, dating, and more."
Elon Musk to be billed for unauthorised flashing X sign,"Tue, 01 Aug 2023 12:02:44 GMT",https://www.bbc.co.uk/news/technology-66371435,https://www.bbc.co.uk/news/technology-66371435?at_medium=RSS&at_campaign=KARANGA,"X, formerly known as Twitter, has had to remove the sign on its HQ and will have to pay associated costs."
Zuckerberg 'not holding breath' over Musk cage fight,"Sun, 06 Aug 2023 22:54:30 GMT",https://www.bbc.co.uk/news/business-66424364,https://www.bbc.co.uk/news/business-66424364?at_medium=RSS&at_campaign=KARANGA,"The two tech billionaires have also been going head to head over their rival platforms, X and Threads."
Italy could host Musk v Zuckerberg cage fight,"Fri, 11 Aug 2023 19:55:44 GMT",https://www.bbc.co.uk/news/world-europe-66480636,https://www.bbc.co.uk/news/world-europe-66480636?at_medium=RSS&at_campaign=KARANGA,The culture minister says he has spoken to the X boss about hosting the showdown as a charity event.
Zuckerberg says Musk 'not serious' about cage fight,"Sun, 13 Aug 2023 22:28:02 GMT",https://www.bbc.co.uk/news/business-66494113,https://www.bbc.co.uk/news/business-66494113?at_medium=RSS&at_campaign=KARANGA,"Doubt hangs over the billionaires' fight plans, but Musk suggests he is open to a bout on Monday."
"Twitter, now X, to remove blocking feature - Musk","Fri, 18 Aug 2023 19:46:38 GMT",https://www.bbc.co.uk/news/business-66550959,https://www.bbc.co.uk/news/business-66550959?at_medium=RSS&at_campaign=KARANGA,"Elon Musk says the feature ""makes no sense"", but users are concerned about protection from abuse."
'Overwhelming consensus' on AI regulation - Musk,"Wed, 13 Sep 2023 23:57:03 GMT",https://www.bbc.co.uk/news/technology-66804996,https://www.bbc.co.uk/news/technology-66804996?at_medium=RSS&at_campaign=KARANGA,Tech heavyweights gathered in Washington DC to discuss the regulation of artificial intelligence.
Elon Musk start-up seeks participants for brain-implant trial,"Wed, 20 Sep 2023 14:53:38 GMT",https://www.bbc.co.uk/news/technology-66865895,https://www.bbc.co.uk/news/technology-66865895?at_medium=RSS&at_campaign=KARANGA,"The company hopes to help people with paralysis move a cursor, or type, using its brain implant."
Yousaf hits back after Elon Musk brands him 'racist',"Fri, 27 Oct 2023 14:58:42 GMT",https://www.bbc.co.uk/news/uk-scotland-67241312,https://www.bbc.co.uk/news/uk-scotland-67241312?at_medium=RSS&at_campaign=KARANGA,Scotland's first minister reacted after Elon Musk commented on an edited clip of a speech he gave in 2020.
Elon Musk and X a year on: Four problems he needs to fix,"Thu, 26 Oct 2023 23:06:08 GMT",https://www.bbc.co.uk/news/technology-67226795,https://www.bbc.co.uk/news/technology-67226795?at_medium=RSS&at_campaign=KARANGA,How the billionaire's purchase of Twitter has changed the platform and what the future may hold.
Yousaf hits back after Elon Musk brands him 'racist',"Fri, 27 Oct 2023 14:58:42 GMT",https://www.bbc.co.uk/news/uk-scotland-67241312,https://www.bbc.co.uk/news/uk-scotland-67241312?at_medium=RSS&at_campaign=KARANGA,Scotland's first minister reacted after Elon Musk commented on a clip of a speech he gave in 2020.
Elon Musk to do a live interview with UK PM Rishi Sunak,"Tue, 31 Oct 2023 12:12:42 GMT",https://www.bbc.co.uk/news/technology-67269549,https://www.bbc.co.uk/news/technology-67269549?at_medium=RSS&at_campaign=KARANGA,The tech billionaire and British PM are due to broadcast a live conversation after the global AI summit.
Killer robots and work-free lives - Sunak quizzes Musk on AI future,"Thu, 02 Nov 2023 22:55:25 GMT",https://www.bbc.co.uk/news/uk-67302048,https://www.bbc.co.uk/news/uk-67302048?at_medium=RSS&at_campaign=KARANGA,"The prime minister and the tech billionaire sat down together to talk tech, education - and killer robots."
Musk says his new AI chatbot has 'a little humour',"Sun, 05 Nov 2023 18:10:35 GMT",https://www.bbc.co.uk/news/business-67327060,https://www.bbc.co.uk/news/business-67327060?at_medium=RSS&at_campaign=KARANGA,"The AI tool, designed to have a cheeky tone to its writing, is not yet widely available."
White House criticises Elon Musk over 'hideous' antisemitic lie,"Fri, 17 Nov 2023 20:09:20 GMT",https://www.bbc.co.uk/news/world-us-canada-67446800,https://www.bbc.co.uk/news/world-us-canada-67446800?at_medium=RSS&at_campaign=KARANGA,"Controversies over antisemitism have engulfed the billionaire and his social network, X."
Watch Musk's SpaceX rocket launch but lose contact,"Sat, 18 Nov 2023 14:38:06 GMT",https://www.bbc.co.uk/news/science-environment-67461791,https://www.bbc.co.uk/news/science-environment-67461791?at_medium=RSS&at_campaign=KARANGA,The rocket flew for about eight minutes before SpaceX lost contact and ended its live stream.
Elon Musk visits 7 October kibbutz with Israeli PM Netanyahu,"Mon, 27 Nov 2023 13:44:24 GMT",https://www.bbc.co.uk/news/world-middle-east-67542129,https://www.bbc.co.uk/news/world-middle-east-67542129?at_medium=RSS&at_campaign=KARANGA,The US entrepreneur was shown around a kibbutz in Israel that was attacked on 7 October.
Elon Musk visits Israel after antisemitism row,"Mon, 27 Nov 2023 21:35:06 GMT",https://www.bbc.co.uk/news/technology-67544945,https://www.bbc.co.uk/news/technology-67544945?at_medium=RSS&at_campaign=KARANGA,"The X boss, recently accused of antisemitism, discussed tackling hate with Israel's president."
Will Tesla's truck recover from its shattering start?,"Thu, 30 Nov 2023 21:18:50 GMT",https://www.bbc.co.uk/news/business-67580991,https://www.bbc.co.uk/news/business-67580991?at_medium=RSS&at_campaign=KARANGA,"Tesla boss Elon Musk says the new cybertruck will ""change the look of the roads""."
Could X go bankrupt under Elon Musk?,"Sat, 02 Dec 2023 23:56:24 GMT",https://www.bbc.co.uk/news/technology-67599937,https://www.bbc.co.uk/news/technology-67599937?at_medium=RSS&at_campaign=KARANGA,"Musk's profane attack on advertisers baffled experts - without adverts, how would X survive?"
Ex-Tesla employee casts doubt on car safety ,"Tue, 05 Dec 2023 08:01:48 GMT",https://www.bbc.co.uk/news/technology-67591311,https://www.bbc.co.uk/news/technology-67591311?at_medium=RSS&at_campaign=KARANGA,A whistleblower believes the self-driving vehicle technology is not safe enough for public roads.
Elon Musk's Tesla recalls two million cars in US over Autopilot defect,"Wed, 13 Dec 2023 22:02:38 GMT",https://www.bbc.co.uk/news/technology-67693935,https://www.bbc.co.uk/news/technology-67693935?at_medium=RSS&at_campaign=KARANGA,It follows investigation into crashes which occurred when firm's Autopilot system was in use.
China’s BYD overtakes Tesla's electric car sales in last quarter of 2023,"Tue, 02 Jan 2024 14:44:31 GMT",https://www.bbc.co.uk/news/business-67860232,https://www.bbc.co.uk/news/business-67860232?at_medium=RSS&at_campaign=KARANGA,Electric-only deliveries from Chinese company BYD outpaced Elon Musk's Tesla for the first time.
The Papers: 'Weight-loss horror' and Elon Musk visits Auschwitz,"Tue, 23 Jan 2024 00:01:25 GMT",https://www.bbc.co.uk/news/blogs-the-papers-68064313,https://www.bbc.co.uk/news/blogs-the-papers-68064313?at_medium=RSS&at_campaign=KARANGA,A range of stories in Tuesday's papers - including a woman's death who went to Turkey for weight loss.
Elon Musk visits site of Auschwitz death camp,"Mon, 22 Jan 2024 14:47:29 GMT",https://www.bbc.co.uk/news/technology-68055368,https://www.bbc.co.uk/news/technology-68055368?at_medium=RSS&at_campaign=KARANGA,The X owner's visit follows criticism of the platform for not doing enough to fight antisemitism.
Watch: Tesla Norway fjord crash passengers saved by floating sauna users,"Fri, 02 Feb 2024 01:05:26 GMT",https://www.bbc.co.uk/news/world-europe-68177125,https://www.bbc.co.uk/news/world-europe-68177125?at_medium=RSS&at_campaign=KARANGA,The users of a sauna boat came to the rescue of two people who crashed into a fjord in Oslo.
Neuralink: Can Musk's brain technology change the world?,"Sun, 04 Feb 2024 00:33:03 GMT",https://www.bbc.co.uk/news/health-68169082,https://www.bbc.co.uk/news/health-68169082?at_medium=RSS&at_campaign=KARANGA,"The world's richest man is betting heavily on his brain chip, but he has ground to make up."
Actress Gina Carano sues Disney and Lucasfilm with Elon Musk's help,"Tue, 06 Feb 2024 22:58:30 GMT",https://www.bbc.co.uk/news/world-us-canada-68223906,https://www.bbc.co.uk/news/world-us-canada-68223906?at_medium=RSS&at_campaign=KARANGA,The actress was fired in 2021 for comparing being a Republican to being a Jew during the Holocaust.
Tesla pushes for $56bn pay deal for Elon Musk,"Wed, 17 Apr 2024 16:48:55 GMT",https://www.bbc.com/news/articles/cqqndqndpq5o#3,https://www.bbc.com/news/articles/cqqndqndpq5o,"The deal, if approved by shareholders and judges, would be the largest in corporate America. 
"
Have the wheels come off for Tesla?,"Fri, 03 May 2024 21:08:13 GMT",https://www.bbc.co.uk/news/business-68947020#2,https://www.bbc.co.uk/news/business-68947020,"As the electric carmaker sees sales fall and cuts jobs, we take a closer look at its problems."
Protesters attempt to storm Germany's Tesla factory,"Fri, 10 May 2024 17:00:14 GMT",https://www.bbc.com/news/articles/cv2j0v237vko#3,https://www.bbc.com/news/articles/cv2j0v237vko,Protesters opposed to the expansion of the site have clashed with police. 
Model sues over Cannes red carpet 'assault',"Thu, 30 May 2024 17:27:16 GMT",https://www.bbc.com/news/articles/c8vv1p34n8yo#1,https://www.bbc.com/news/articles/c8vv1p34n8yo,Sawa Pontyjska is one of several film festival guests filmed in encounters with a security guard.
Tesla investors back record-breaking Musk pay deal,"Thu, 13 Jun 2024 22:43:11 GMT",https://www.bbc.com/news/articles/cleezyxjv4jo#0,https://www.bbc.com/news/articles/cleezyxjv4jo,Tesla says shareholders have again approved a record-breaking pay deal for billionaire Elon Musk. 
Is Elon Musk worth his $56bn Tesla pay package?,"Fri, 14 Jun 2024 11:49:32 GMT",https://www.bbc.com/news/articles/c9rre6nwnpwo#2,https://www.bbc.com/news/articles/c9rre6nwnpwo,"He is beloved by his millions of followers online, but would Musk's businesses have succeeded without him?"
Tesla investors back $56bn Musk pay deal,"Fri, 14 Jun 2024 13:06:13 GMT",https://www.bbc.com/news/articles/cleezyxjv4jo#6,https://www.bbc.com/news/articles/cleezyxjv4jo,"The multi-billionaire had campaigned for the payout, which is worth up to $56bn."
Elon Musk: Is he worth history’s biggest pay deal?,"Mon, 24 Jun 2024 08:50:00 GMT",https://www.bbc.co.uk/sounds/play/w3ct6dlb#10,https://www.bbc.co.uk/sounds/play/w3ct6dlb,Tesla’s shareholders want to give him $56 billion. Now it's up to a judge if he gets it
Tesla surprises with better than expected car sales,"Tue, 02 Jul 2024 16:36:41 GMT",https://www.bbc.com/news/articles/c0dmvrxnk4jo#6,https://www.bbc.com/news/articles/c0dmvrxnk4jo,"The electric car maker sold more cars than expected this spring, raising hopes of a revival. "
Musk to move SpaceX and X HQ over gender-identity law,"Tue, 16 Jul 2024 22:21:37 GMT",https://www.bbc.com/news/articles/c1vd097z7rvo#3,https://www.bbc.com/news/articles/c1vd097z7rvo,"Mr Musk has become increasingly involved in US politics and said the new law was the ""last straw""."
Musk shares faked far-right 'detainment camp' for rioters post,"Thu, 08 Aug 2024 13:12:28 GMT",https://www.bbc.com/news/articles/cp35w0kj2y4o#5,https://www.bbc.com/news/articles/cp35w0kj2y4o,The image was faked to look like it had come from the Daily Telegraph website.
Drugged and kidnapped model says people still call her a liar years on,"Sun, 11 Aug 2024 00:27:53 GMT",https://www.bbc.com/news/articles/cly33gx0vnxo#4,https://www.bbc.com/news/articles/cly33gx0vnxo,"Chloe Ayling tells the BBC how she dealt with victim blaming, online trolls and telling her story again."
What is Elon Musk's game plan?,"Wed, 07 Aug 2024 12:44:53 GMT",https://www.bbc.com/news/articles/cze5gd1jzkeo#7,https://www.bbc.com/news/articles/cze5gd1jzkeo,X’s owner has chosen to wade in to opine on unrest in the UK. It isn't clear what's driving him.
How Musk and Trump put aside their differences,"Mon, 12 Aug 2024 10:56:21 GMT",https://www.bbc.com/news/articles/cvgd08np9z1o#1,https://www.bbc.com/news/articles/cvgd08np9z1o,The two businessmen have sparred in the past - but in this election seem firmly on the same side.
What is Elon Musk's game plan?,"Wed, 07 Aug 2024 12:44:53 GMT",https://www.bbc.com/news/articles/cze5gd1jzkeo#4,https://www.bbc.com/news/articles/cze5gd1jzkeo,X’s owner has chosen to wade in to opine on unrest in the UK. It isn't clear what's driving him.
Why is Elon Musk's X struggling with technical problems?,"Tue, 13 Aug 2024 17:09:49 GMT",https://www.bbc.com/news/articles/cy0np2y5197o#0,https://www.bbc.com/news/articles/cy0np2y5197o,The billionaire's interview with Donald Trump was delayed while the platform struggled with tech issues.
Trump's chat with Musk on X fact-checked,"Tue, 13 Aug 2024 10:54:51 GMT",https://www.bbc.com/news/articles/c0jpn2q76n1o#1,https://www.bbc.com/news/articles/c0jpn2q76n1o,"In a two-hour discussion, Trump made a number of questionable and false claims  which went largely unchallenged. "
What is Elon Musk's game plan?,"Wed, 07 Aug 2024 12:44:53 GMT",https://www.bbc.com/news/articles/cze5gd1jzkeo#5,https://www.bbc.com/news/articles/cze5gd1jzkeo,X’s owner has chosen to wade in to opine on unrest in the UK. It isn't clear what's driving him.
Elon Musk's X suspended in Brazil after supreme court ruling,"Fri, 30 Aug 2024 21:43:19 GMT",https://www.bbc.com/news/articles/c5y3rnl5qv3o#0,https://www.bbc.com/news/articles/c5y3rnl5qv3o,The social media giant says it refused to comply with a judge's order to appoint a legal representative.
Former Page Three model Sam Fox threatened to knock police officer's teeth out,"Mon, 02 Sep 2024 18:18:20 GMT",https://www.bbc.com/news/articles/cgq2pez5dyyo#0,https://www.bbc.com/news/articles/cgq2pez5dyyo,The former Page 3 model and pop star pleads guilty to being drunk and disorderly at Heathrow airport
Trump says Musk could head 'government efficiency' force,"Thu, 05 Sep 2024 20:04:40 GMT",https://www.bbc.com/news/articles/c74lgwkrmrpo#4,https://www.bbc.com/news/articles/c74lgwkrmrpo,"In a speech at an economic club Thursday, the former president endorsed the Tesla boss's idea for a task force on government spending"
X working again in Brazil as Musk finds way around ban,"Thu, 19 Sep 2024 00:06:01 GMT",https://www.bbc.com/news/articles/cy4dn4z02emo#0,https://www.bbc.com/news/articles/cy4dn4z02emo,"The social media platform X, formerly Twitter, was banned in the country on 31 August."
Brazil lifts ban on Musk's X after it pays $5m fine,"Tue, 08 Oct 2024 23:05:01 GMT",https://www.bbc.com/news/articles/c5y06vzk3yjo#4,https://www.bbc.com/news/articles/c5y06vzk3yjo,The country's Supreme Court made the order after the platform also blocked certain accounts.
Tesla shares slide after Cybercab robotaxi revealed,"Fri, 11 Oct 2024 16:10:32 GMT",https://www.bbc.com/news/articles/cm29x5ke9jdo#3,https://www.bbc.com/news/articles/cm29x5ke9jdo,Elon Musk revealed a prototype of the long-awaited robotaxi at a Hollywood film studio - but investors aren't wowed.
Elon Musk's Starship booster captured in world first,"Sun, 13 Oct 2024 13:14:10 GMT",https://www.bbc.com/news/articles/c8xe7exjy1go#0,https://www.bbc.com/news/articles/c8xe7exjy1go,The SpaceX team successfully returned the booster part of the Starship rocket to the launchpad. 
"'Elon, can I have my designs back please', says I, Robot director after Tesla launch","Mon, 14 Oct 2024 15:50:47 GMT",https://www.bbc.com/news/articles/ced04q39w33o#0,https://www.bbc.com/news/articles/ced04q39w33o,"Alex Proyas, who directed the 2004 Will Smith film, compared his film to Tesla's new vehicles."
Musk to give away $1m per day to Pennsylvania voters,"Sun, 20 Oct 2024 15:38:34 GMT",https://www.bbc.com/news/articles/cg78ljxn8g7o#0,https://www.bbc.com/news/articles/cg78ljxn8g7o,The winner will be chosen from those who sign a petition by the tech billionaire's Trump-supporting campaign group.
Musk is giving some US voters $1m. Is it legal?,"Mon, 21 Oct 2024 20:35:23 GMT",https://www.bbc.com/news/articles/ced0d1g5zyno#1,https://www.bbc.com/news/articles/ced0d1g5zyno,Two voters have already picked up their lottery-style cheques for a million dollars from Elon Musk.
Trump has the world’s richest man on his side. What does Musk want?,"Tue, 22 Oct 2024 15:52:09 GMT",https://www.bbc.com/news/articles/cj6e6zzwnllo#1,https://www.bbc.com/news/articles/cj6e6zzwnllo,The SpaceX boss says only his fellow billionaire can save democracy - but some question Musk's motives.
Blade Runner 2049 maker sues Musk over robotaxi images,"Tue, 22 Oct 2024 04:07:54 GMT",https://www.bbc.com/news/articles/ce3z37dpvl9o#1,https://www.bbc.com/news/articles/ce3z37dpvl9o,Alcon Entertainment says it denied a request to use material from the film at the Tesla cybercab event.
"Musk can continue with election cash giveaways for now, judge rules","Thu, 31 Oct 2024 17:22:46 GMT",https://www.bbc.com/news/articles/c0en401330jo#0,https://www.bbc.com/news/articles/c0en401330jo,"Prosecutors say the case will now move to a federal court, following a request from Musk's lawyers."
Elon Musk to spend election night with Donald Trump,"Tue, 05 Nov 2024 21:41:39 GMT",https://www.bbc.com/news/articles/c9dlg1v7jevo#1,https://www.bbc.com/news/articles/c9dlg1v7jevo,"Trump earlier said he was going to host ""a very special group of people"" in Mar-a-Lago in Florida."
"Why Tesla, crypto and prisons are Trump trade winners","Tue, 12 Nov 2024 21:17:02 GMT",https://www.bbc.com/news/articles/czr7kggvzmmo#2,https://www.bbc.com/news/articles/czr7kggvzmmo,"As the dust settles on a post-election stock market rally, some firms have already gained."
Will Elon Musk be able to cut $2 trillion from US government spending?,"Wed, 13 Nov 2024 19:20:38 GMT",https://www.bbc.com/news/articles/cdj38mekdkgo#2,https://www.bbc.com/news/articles/cdj38mekdkgo,The Tesla CEO claimed he could slash US spending by eradicating “waste”.
Elon Musk adds Microsoft to lawsuit against ChatGPT-maker OpenAI,"Fri, 15 Nov 2024 17:16:37 GMT",https://www.bbc.com/news/articles/c93716xdgzqo#0,https://www.bbc.com/news/articles/c93716xdgzqo,"Mr Musk, a co-founder of the company, is accusing it and the tech giant of operating a monopoly."
Elon Musk met Iran's UN ambassador in New York,"Fri, 15 Nov 2024 21:20:16 GMT",https://www.bbc.com/news/articles/c0mzk7e31pjo#4,https://www.bbc.com/news/articles/c0mzk7e31pjo,It is not clear if President-elect Trump or his national security team were aware of the meeting.
Senators call for probe into Musk's alleged contact with Russia,"Sat, 16 Nov 2024 21:23:57 GMT",https://www.bbc.com/news/articles/cy0l3wl76gzo#0,https://www.bbc.com/news/articles/cy0l3wl76gzo,"Musk’s reported relations with Russia “pose serious questions” about US national security, the Democratic senators argue."
Brazil first lady uses expletive against Elon Musk at G20 event,"Sun, 17 Nov 2024 16:03:32 GMT",https://www.bbc.com/news/articles/cwy1693xwlzo#4,https://www.bbc.com/news/articles/cwy1693xwlzo,Janja Lula da Silva joked that she was not afraid of the owner of social media platform X.
Watch: Trump joins Musk to watch Starship test launch,"Tue, 19 Nov 2024 22:48:48 GMT",https://www.bbc.com/news/videos/cz9x2nk1jyvo#0,https://www.bbc.com/news/videos/cz9x2nk1jyvo,The president-elect visited the launch site in Texas to watch the spacecraft's sixth test flight.
"Massive Elon Musk donation news to me, says Farage","Tue, 03 Dec 2024 20:00:10 GMT",https://www.bbc.com/news/articles/c1ln4m01nzlo#4,https://www.bbc.com/news/articles/c1ln4m01nzlo,Claims the X mogul is planning to donate $100m to Reform UK are dismissed by party leader Nigel Farage.
